<?xml version="1.0"?>
<testResults>
  <FitNesseVersion>v20140201</FitNesseVersion>
  <rootPath>FrontPage.TestTest</rootPath>
    <result>
    <counts>
      <right>0</right>
      <wrong>2</wrong>
      <ignores>0</ignores>
      <exceptions>0</exceptions>
    </counts>
    <runTimeInMillis>19</runTimeInMillis>
    <content>&lt;br/&gt;&lt;div class="contents"&gt;
	&lt;b&gt;Contents:&lt;/b&gt;
	&lt;ul class="toc1"/&gt;
&lt;/div&gt;
&lt;br/&gt;&lt;br/&gt;&lt;span class="meta"&gt;variable defined: TEST_RUNNER=fitlibrary.suite.FitLibraryServer&lt;/span&gt;
 &lt;br/&gt;&lt;span class="meta"&gt;variable defined: SEL_HOST=localhost&lt;/span&gt;
&lt;br/&gt;&lt;span class="meta"&gt;variable defined: SEL_PORT=4444&lt;/span&gt;
&lt;br/&gt;&lt;span class="meta"&gt;variable defined: BASEURL=http://www.google.com&lt;/span&gt;
&lt;br/&gt;&lt;span class="meta"&gt;variable defined: BROWSER=chrome&lt;/span&gt;
&lt;br/&gt;&lt;br/&gt;&lt;table&gt;
	&lt;tr&gt;
		&lt;td&gt;fittools.fixture.BrowserFixture&lt;/td&gt;
		&lt;td&gt;localhost&lt;/td&gt;
		&lt;td&gt;4444&lt;/td&gt;
		&lt;td&gt;http://www.google.com&lt;/td&gt;
		&lt;td&gt;chrome&lt;/td&gt;
	&lt;/tr&gt;
	&lt;tr&gt;
		&lt;td&gt;do command&lt;/td&gt;
		&lt;td&gt;open&lt;/td&gt;
		&lt;td&gt;with target&lt;/td&gt;
		&lt;td colspan="2"&gt;http://www.google.com&lt;/td&gt;
	&lt;/tr&gt;
	&lt;tr&gt;
		&lt;td class="fail"&gt;verify&lt;/td&gt;
		&lt;td&gt;assertTextPresent&lt;/td&gt;
		&lt;td class="fail"&gt;with target&lt;/td&gt;
		&lt;td colspan="2"&gt;google&lt;/td&gt;
	&lt;/tr&gt;
&lt;/table&gt;
</content>
    <relativePageName>TestTest</relativePageName>
    
    
    
  </result>
  
    <finalCounts>
    <right>0</right>
    <wrong>1</wrong>
    <ignores>0</ignores>
    <exceptions>0</exceptions>
  </finalCounts>
  <totalRunTimeInMillis>26756</totalRunTimeInMillis>
  
</testResults>

