<?xml version="1.0"?>
<testResults>
  <FitNesseVersion>v20140201</FitNesseVersion>
  <rootPath>FrontPage.TestTest</rootPath>
    <result>
    <counts>
      <right>1</right>
      <wrong>0</wrong>
      <ignores>0</ignores>
      <exceptions>0</exceptions>
    </counts>
    <runTimeInMillis>13</runTimeInMillis>
    <content>&lt;br/&gt;&lt;div class="contents"&gt;
	&lt;b&gt;Contents:&lt;/b&gt;
	&lt;ul class="toc1"/&gt;
&lt;/div&gt;
&lt;br/&gt;&lt;br/&gt;&lt;span class="meta"&gt;variable defined: TEST_RUNNER=fitlibrary.suite.FitLibraryServer&lt;/span&gt;
 &lt;br/&gt;&lt;br/&gt;&lt;table&gt;
	&lt;tr&gt;
		&lt;td&gt;fittools.fixture.BrowserFixture&lt;/td&gt;
	&lt;/tr&gt;
	&lt;tr&gt;
		&lt;td class="pass"&gt;print gpl warranty&lt;/td&gt;
	&lt;/tr&gt;
&lt;/table&gt;
</content>
    <relativePageName>TestTest</relativePageName>
    
    
    
  </result>
  
    <finalCounts>
    <right>1</right>
    <wrong>0</wrong>
    <ignores>0</ignores>
    <exceptions>0</exceptions>
  </finalCounts>
  <totalRunTimeInMillis>792</totalRunTimeInMillis>
  
</testResults>

