<?xml version="1.0"?>
<testResults>
  <FitNesseVersion>v20140201</FitNesseVersion>
  <rootPath>FrontPage.TestTest</rootPath>
    <result>
    <counts>
      <right>0</right>
      <wrong>0</wrong>
      <ignores>0</ignores>
      <exceptions>1</exceptions>
    </counts>
    <runTimeInMillis>15</runTimeInMillis>
    <content>&lt;br/&gt;&lt;div class="contents"&gt;
	&lt;b&gt;Contents:&lt;/b&gt;
	&lt;ul class="toc1"/&gt;
&lt;/div&gt;
&lt;br/&gt;&lt;br/&gt;&lt;span class="meta"&gt;variable defined: TEST_RUNNER=fitlibrary.suite.FitLibraryServer&lt;/span&gt;
 &lt;br/&gt;&lt;span class="meta"&gt;variable defined: SEL_HOST=localhost&lt;/span&gt;
&lt;br/&gt;&lt;span class="meta"&gt;variable defined: SEL_PORT=4444&lt;/span&gt;
&lt;br/&gt;&lt;span class="meta"&gt;variable defined: BASEURL=http://www.google.com&lt;/span&gt;
&lt;br/&gt;&lt;span class="meta"&gt;variable defined: BROWSER=chrome&lt;/span&gt;
&lt;br/&gt;&lt;br/&gt;&lt;table&gt;
	&lt;tr&gt;
		&lt;td&gt;fittools.fixture.BrowserFixture&lt;/td&gt;
		&lt;td&gt;localhost&lt;/td&gt;
		&lt;td&gt;4444&lt;/td&gt;
		&lt;td&gt;http://www.google.com&lt;/td&gt;
		&lt;td&gt;chrome&lt;/td&gt;
	&lt;/tr&gt;
	&lt;tr&gt;
		&lt;td&gt;do command&lt;/td&gt;
		&lt;td&gt;open&lt;/td&gt;
		&lt;td&gt;with target&lt;/td&gt;
		&lt;td colspan="2"&gt;http://www.google.com&lt;/td&gt;
	&lt;/tr&gt;
	&lt;tr&gt;
		&lt;td class="error"&gt;do command&lt;hr&gt;&lt;pre&gt;&lt;div class="fit_stacktrace"&gt;com.thoughtworks.selenium.SeleniumException: ERROR: Unknown command: 'assert text present'
	at com.thoughtworks.selenium.HttpCommandProcessor.throwAssertionFailureExceptionOrError(HttpCommandProcessor.java:109)
	at com.thoughtworks.selenium.HttpCommandProcessor.doCommand(HttpCommandProcessor.java:103)
	at fittools.fixture.BrowserFixture.doCommandWithTargetAndValue(BrowserFixture.java:68)
	at fittools.fixture.BrowserFixture.doCommandWithTarget(BrowserFixture.java:57)
	at sun.reflect.NativeMethodAccessorImpl.invoke0(Native Method)
	at sun.reflect.NativeMethodAccessorImpl.invoke(Unknown Source)
	at sun.reflect.DelegatingMethodAccessorImpl.invoke(Unknown Source)
	at java.lang.reflect.Method.invoke(Unknown Source)
	at fitlibrary.closure.MethodClosure.invoke(MethodClosure.java:49)
	at fitlibrary.closure.MethodClosure.invokeTyped(MethodClosure.java:35)
	at fitlibrary.closure.CalledMethodTarget.invokeTyped(CalledMethodTarget.java:83)
	at fitlibrary.closure.CalledMethodTarget.invokeTyped(CalledMethodTarget.java:103)
	at fitlibrary.traverse.workflow.caller.DoActionCaller.run(DoActionCaller.java:40)
	at fitlibrary.traverse.workflow.DispatchRowInFlow.pickAndRunValidCaller(DispatchRowInFlow.java:98)
	at fitlibrary.traverse.workflow.DispatchRowInFlow.interpretRow(DispatchRowInFlow.java:53)
	at fitlibrary.traverse.workflow.DoTraverse.interpretRowBeforeWrapping(DoTraverse.java:99)
	at fitlibrary.traverse.workflow.DoTraverse.interpretRow(DoTraverse.java:96)
	at fitlibrary.flow.DoFlowOnTable.runTable(DoFlowOnTable.java:80)
	at fitlibrary.flow.DoFlowOnTable.runTable(DoFlowOnTable.java:56)
	at fitlibrary.flow.DoFlow.runTable(DoFlow.java:104)
	at fitlibrary.flow.DoFlow.runSingleTable(DoFlow.java:89)
	at fitlibrary.flow.DoFlowWithExtraTableAddedWhenNeeded.runStorytest(DoFlowWithExtraTableAddedWhenNeeded.java:33)
	at fitlibrary.suite.BatchFitLibrary.doTables(BatchFitLibrary.java:92)
	at fitlibrary.suite.BatchFitLibrary.doStorytest(BatchFitLibrary.java:50)
	at fitlibrary.suite.BatchFitLibrary.doTables(BatchFitLibrary.java:107)
	at fitlibrary.suite.FitLibraryServer.doTables(FitLibraryServer.java:36)
	at fitlibrary.suite.FitLibraryServer.doTables(FitLibraryServer.java:28)
	at fit.FitServerBridge.process(FitServerBridge.java:76)
	at fit.FitServerBridge.run(FitServerBridge.java:60)
	at fitlibrary.suite.FitLibraryServer.main(FitLibraryServer.java:54)
&lt;/div&gt;&lt;/pre&gt;&lt;/td&gt;
		&lt;td&gt;assert text present&lt;/td&gt;
		&lt;td&gt;with target&lt;/td&gt;
		&lt;td colspan="2"&gt;google&lt;/td&gt;
	&lt;/tr&gt;
&lt;/table&gt;
</content>
    <relativePageName>TestTest</relativePageName>
    
    
    
  </result>
  
    <finalCounts>
    <right>0</right>
    <wrong>0</wrong>
    <ignores>0</ignores>
    <exceptions>1</exceptions>
  </finalCounts>
  <totalRunTimeInMillis>13762</totalRunTimeInMillis>
  
</testResults>

