<?xml version="1.0"?>
<testResults>
  <FitNesseVersion>v20140201</FitNesseVersion>
  <rootPath>FrontPage.TestTest</rootPath>
    <result>
    <counts>
      <right>0</right>
      <wrong>0</wrong>
      <ignores>0</ignores>
      <exceptions>1</exceptions>
    </counts>
    <runTimeInMillis>29</runTimeInMillis>
    <content>
&lt;span class="error"&gt;Exception occurred: &lt;hr&gt;&lt;pre&gt;&lt;div class="fit_stacktrace"&gt;fit.exception.FitParseException: Can't find tag: table
	at fit.Parse.findMatchingEndTag(Parse.java:89)
	at fit.Parse.&lt;init&gt;(Parse.java:49)
	at fit.Parse.&lt;init&gt;(Parse.java:37)
	at fit.FitServer.process(FitServer.java:80)
	at fit.FitServer.run(FitServer.java:56)
	at fit.FitServer.main(FitServer.java:41)
&lt;/div&gt;&lt;/pre&gt;&lt;/span&gt;</content>
    <relativePageName>TestTest</relativePageName>
    
    
    
  </result>
  
    <finalCounts>
    <right>0</right>
    <wrong>0</wrong>
    <ignores>0</ignores>
    <exceptions>1</exceptions>
  </finalCounts>
  <totalRunTimeInMillis>1031</totalRunTimeInMillis>
  
</testResults>

