<?xml version="1.0"?>
<testResults>
  <FitNesseVersion>v20140201</FitNesseVersion>
  <rootPath>FrontPage.TestTest</rootPath>
    <result>
    <counts>
      <right>0</right>
      <wrong>0</wrong>
      <ignores>0</ignores>
      <exceptions>1</exceptions>
    </counts>
    <runTimeInMillis>59</runTimeInMillis>
    <content>&lt;br/&gt;&lt;div class="contents"&gt;
	&lt;b&gt;Contents:&lt;/b&gt;
	&lt;ul class="toc1"/&gt;
&lt;/div&gt;
&lt;br/&gt;&lt;br/&gt;&lt;table&gt;
	&lt;tr&gt;
		&lt;td class="error"&gt;fittools.fixture.BaseDoFixture&lt;hr&gt;&lt;pre&gt;&lt;div class="fit_stacktrace"&gt;java.lang.RuntimeException: Please use FitLibraryServer instead of FitServer.
	at fitlibrary.DoFixture.interpretTables(DoFixture.java:41)
	at fit.Fixture.doTables(Fixture.java:80)
	at fit.FitServer.process(FitServer.java:81)
	at fit.FitServer.run(FitServer.java:56)
	at fit.FitServer.main(FitServer.java:41)
&lt;/div&gt;&lt;/pre&gt;&lt;/td&gt;
	&lt;/tr&gt;
	&lt;tr&gt;
		&lt;td&gt;print gpl warranty&lt;/td&gt;
	&lt;/tr&gt;
&lt;/table&gt;
</content>
    <relativePageName>TestTest</relativePageName>
    
    
    
  </result>
  
    <finalCounts>
    <right>0</right>
    <wrong>0</wrong>
    <ignores>0</ignores>
    <exceptions>1</exceptions>
  </finalCounts>
  <totalRunTimeInMillis>1203</totalRunTimeInMillis>
  
</testResults>

