<?xml version="1.0"?>
<testResults>
  <FitNesseVersion>v20140201</FitNesseVersion>
  <rootPath>FrontPage.TestTest</rootPath>
    <result>
    <counts>
      <right>0</right>
      <wrong>0</wrong>
      <ignores>0</ignores>
      <exceptions>1</exceptions>
    </counts>
    <runTimeInMillis>25</runTimeInMillis>
    <content>&lt;br/&gt;&lt;div class="contents"&gt;
	&lt;b&gt;Contents:&lt;/b&gt;
	&lt;ul class="toc1"/&gt;
&lt;/div&gt;
&lt;br/&gt;&lt;br/&gt;&lt;span class="meta"&gt;variable defined: TEST_RUNNER=fitlibrary.suite.FitLibraryServer&lt;/span&gt;
 &lt;br/&gt;&lt;span class="meta"&gt;variable defined: SEL_HOST=localhost&lt;/span&gt;
&lt;br/&gt;&lt;span class="meta"&gt;variable defined: SEL_PORT=4444&lt;/span&gt;
&lt;br/&gt;&lt;span class="meta"&gt;variable defined: BASEURL=http://www.google.com&lt;/span&gt;
&lt;br/&gt;&lt;span class="meta"&gt;variable defined: BROWSER=chrome&lt;/span&gt;
&lt;br/&gt;&lt;br/&gt;&lt;table&gt;
	&lt;tr&gt;
		&lt;td&gt;fittools.fixture.BrowserFixture&lt;/td&gt;
		&lt;td&gt;localhost&lt;/td&gt;
		&lt;td&gt;4444&lt;/td&gt;
		&lt;td&gt;http://www.google.com&lt;/td&gt;
		&lt;td&gt;chrome&lt;/td&gt;
	&lt;/tr&gt;
	&lt;tr&gt;
		&lt;td&gt;do command&lt;/td&gt;
		&lt;td&gt;open&lt;/td&gt;
		&lt;td&gt;with target&lt;/td&gt;
		&lt;td colspan="2"&gt;http://www.google.com&lt;/td&gt;
	&lt;/tr&gt;
	&lt;tr&gt;
		&lt;td class="error"&gt;assert text present&lt;hr/&gt; &lt;span class="fit_label"&gt;Missing class or Missing method. Possibly:&lt;ul&gt;&lt;li&gt;public Type assertTextPresent(Type1 arg1) { }&lt;/li&gt;&lt;/ul&gt;&lt;hr/&gt;Possibly in class:&lt;ul&gt;&lt;li&gt;fittools.fixture.BrowserFixture&lt;/li&gt;&lt;/ul&gt;&lt;/span&gt;&lt;/td&gt;
		&lt;td colspan="4"&gt;google&lt;/td&gt;
	&lt;/tr&gt;
&lt;/table&gt;
</content>
    <relativePageName>TestTest</relativePageName>
    
    
    
  </result>
  
    <finalCounts>
    <right>0</right>
    <wrong>0</wrong>
    <ignores>0</ignores>
    <exceptions>1</exceptions>
  </finalCounts>
  <totalRunTimeInMillis>1475</totalRunTimeInMillis>
  
</testResults>

